id,username,age,gender,height,weight,bmi,tdee,is_active
1,user_0,50,Female,183.5,78.9,23.4,2458,True
2,user_1,60,Male,161.5,113.5,43.5,2856,True
3,user_2,69,Male,177.7,74.7,23.7,2141,True
4,user_3,67,Female,167.0,108.0,38.7,2349,True
5,user_4,67,Female,159.9,78.6,30.7,2749,True
6,user_5,24,Female,185.0,79.6,23.3,2302,True
7,user_6,63,Male,177.7,97.0,30.7,2773,True
8,user_7,28,Female,163.0,80.0,30.1,2900,True
9,user_8,55,Male,192.2,103.9,28.1,2982,True
10,user_9,36,Male,192.6,84.7,22.8,2085,True
11,user_10,45,Male,162.4,81.6,30.9,2641,True
12,user_11,23,Female,187.5,115.0,32.7,2541,True
13,user_12,68,Female,198.9,103.7,26.2,2342,True
14,user_13,66,Male,150.2,46.1,20.4,1542,True
15,user_14,19,Female,159.4,87.2,34.3,2105,True
16,user_15,44,Female,185.2,87.2,25.4,2722,True
17,user_16,27,Female,177.0,66.0,21.1,1897,True
18,user_17,35,Male,185.3,119.7,34.9,2950,True
19,user_18,29,Female,185.8,70.7,20.5,2672,True
20,user_19,60,Female,188.8,115.8,32.5,3408,True
21,user_20,65,Male,184.6,74.5,21.9,2265,True
22,user_21,19,Male,150.4,74.9,33.1,1952,True
23,user_22,44,Male,159.1,51.4,20.3,2441,True
24,user_23,22,Male,176.8,67.5,21.6,2230,True
25,user_24,68,Male,154.2,115.1,48.4,2624,True
26,user_25,70,Male,194.1,116.9,31.0,3393,True
27,user_26,47,Female,194.3,89.6,23.7,2211,True
28,user_27,18,Male,172.2,47.5,16.0,2281,True
29,user_28,48,Female,177.8,86.0,27.2,2053,True
30,user_29,22,Female,158.9,92.2,36.5,2891,True
31,user_30,19,Male,164.7,83.6,30.8,2050,True
32,user_31,24,Female,192.6,75.9,20.5,2957,True
33,user_32,60,Male,159.3,55.6,21.9,1605,True
34,user_33,28,Male,176.2,93.0,30.0,3347,True
35,user_34,69,Female,151.0,62.1,27.2,2179,True
36,user_35,45,Female,197.7,89.5,22.9,3031,True
37,user_36,66,Male,198.2,45.1,11.5,2367,True
38,user_37,59,Female,185.3,88.9,25.9,3052,True
39,user_38,38,Female,176.4,102.8,33.0,2888,True
40,user_39,46,Male,159.6,74.3,29.2,2230,True
41,user_40,44,Male,166.9,78.8,28.3,2517,True
42,user_41,53,Male,154.3,72.1,30.3,2396,True
43,user_42,36,Male,157.4,82.1,33.1,2582,True
44,user_43,31,Male,187.5,56.1,16.0,2754,True
45,user_44,36,Male,189.0,119.3,33.4,3364,True
46,user_45,53,Female,178.8,88.9,27.8,2651,True
47,user_46,53,Male,190.7,48.4,13.3,2260,True
48,user_47,60,Male,194.6,94.8,25.0,2326,True
49,user_48,69,Female,177.7,75.5,23.9,2286,True
50,user_49,45,Male,180.9,70.1,21.4,2091,True
51,user_50,41,Female,194.7,68.5,18.1,2453,True
52,user_51,61,Female,178.9,58.5,18.3,2540,True
53,user_52,46,Female,173.8,57.9,19.2,1880,True
54,user_53,49,Female,151.7,108.8,47.3,3236,True
55,user_54,70,Female,179.9,71.0,21.9,2517,True
56,user_55,59,Male,167.8,99.5,35.3,3020,True
57,user_56,41,Female,184.9,62.0,18.1,2749,True
58,user_57,38,Female,172.4,88.7,29.8,3257,True
59,user_58,45,Male,165.9,115.1,41.8,2278,True
60,user_59,49,Male,175.7,48.4,15.7,1842,True
61,user_60,47,Female,153.9,108.7,45.9,2675,True
62,user_61,44,Female,182.0,90.0,27.2,2408,True
63,user_62,50,Male,162.4,80.4,30.5,2571,True
64,user_63,54,Female,162.0,84.2,32.1,2848,True
65,user_64,39,Male,191.3,63.9,17.5,2449,True
66,user_65,32,Female,161.2,60.5,23.3,1675,True
67,user_66,66,Male,165.0,63.7,23.4,1986,True
68,user_67,27,Female,182.0,93.9,28.3,2964,True
69,user_68,37,Female,163.6,108.6,40.6,2699,True
70,user_69,31,Female,167.8,110.1,39.1,2784,True
71,user_70,57,Female,190.1,92.1,25.5,2656,True
72,user_71,42,Female,174.8,56.0,18.3,2149,True
73,user_72,22,Female,184.1,107.1,31.6,3239,True
74,user_73,44,Female,156.7,71.4,29.1,2749,True
75,user_74,52,Female,181.8,79.9,24.2,2468,True
76,user_75,70,Female,181.8,116.9,35.4,2336,True
77,user_76,46,Male,161.4,56.3,21.6,2514,True
78,user_77,24,Female,166.6,109.3,39.4,2888,True
79,user_78,46,Male,199.5,71.3,17.9,2249,True
80,user_79,52,Male,179.1,91.7,28.6,2829,True
81,user_80,46,Male,178.4,88.6,27.8,2571,True
82,user_81,46,Female,168.7,99.7,35.0,2148,True
83,user_82,39,Male,176.4,107.4,34.5,2288,True
84,user_83,23,Female,197.4,99.9,25.6,2568,True
85,user_84,36,Female,180.1,55.8,17.2,2088,True
86,user_85,31,Female,161.2,81.6,31.4,1924,True
87,user_86,29,Male,180.8,62.4,19.1,2372,True
88,user_87,40,Male,170.2,65.9,22.7,2381,True
89,user_88,68,Male,189.0,98.1,27.5,2752,True
90,user_89,34,Female,179.9,74.2,22.9,2327,True
91,user_90,64,Male,185.5,79.4,23.1,1776,True
92,user_91,63,Male,166.8,75.9,27.3,2568,True
93,user_92,39,Male,171.1,88.0,30.1,2588,True
94,user_93,27,Male,189.1,87.8,24.6,3454,True
95,user_94,50,Male,158.1,114.0,45.6,2528,True
96,user_95,24,Male,196.8,108.3,28.0,3582,True
97,user_96,46,Female,189.5,64.8,18.0,2665,True
98,user_97,30,Female,190.2,110.6,30.6,3492,True
99,user_98,32,Female,191.5,108.5,29.6,2983,True
100,user_99,55,Male,187.8,114.7,32.5,2886,True
101,user_100,66,Female,199.7,71.8,18.0,2636,True
102,user_101,60,Male,189.6,68.3,19.0,2337,True
103,user_102,44,Male,171.2,57.4,19.6,2433,True
104,user_103,47,Male,152.9,69.7,29.8,1714,True
105,user_104,24,Male,164.1,90.0,33.4,2816,True
106,user_105,25,Female,177.4,59.1,18.8,2689,True
107,user_106,43,Female,151.6,92.4,40.2,2017,True
108,user_107,50,Male,154.9,47.2,19.7,2252,True
109,user_108,34,Female,186.8,86.1,24.7,3272,True
110,user_109,31,Female,161.2,91.4,35.2,2931,True
111,user_110,18,Male,182.6,114.7,34.4,3811,True
112,user_111,56,Male,196.8,72.0,18.6,2208,True
113,user_112,37,Male,166.3,86.1,31.1,2656,True
114,user_113,70,Male,150.3,110.3,48.8,2470,True
115,user_114,18,Female,172.3,114.9,38.7,3002,True
116,user_115,31,Female,191.1,80.0,21.9,2765,True
117,user_116,53,Female,195.7,92.0,24.0,2438,True
118,user_117,26,Female,150.8,65.2,28.7,2339,True
119,user_118,50,Female,191.9,108.2,29.4,2959,True
120,user_119,18,Male,164.7,64.9,23.9,2519,True
121,user_120,27,Female,164.8,73.5,27.1,1913,True
122,user_121,38,Female,196.2,91.3,23.7,2396,True
123,user_122,65,Female,153.4,85.1,36.2,2513,True
124,user_123,61,Male,194.0,67.0,17.8,2145,True
125,user_124,40,Male,166.2,102.4,37.1,3164,True
126,user_125,28,Female,166.4,70.9,25.6,2489,True
127,user_126,63,Female,155.5,88.4,36.6,2028,True
128,user_127,46,Male,160.0,114.5,44.7,3372,True
129,user_128,59,Male,153.9,62.4,26.3,2115,True
130,user_129,39,Male,181.7,52.8,16.0,2109,True
131,user_130,41,Female,168.8,56.7,19.9,1652,True
132,user_131,30,Male,185.2,95.0,27.7,3407,True
133,user_132,18,Female,181.2,77.8,23.7,3177,True
134,user_133,69,Male,156.8,97.9,39.8,2510,True
135,user_134,32,Male,178.8,83.4,26.1,2563,True
136,user_135,34,Male,169.5,71.9,25.0,2615,True
137,user_136,28,Male,181.1,54.0,16.5,2713,True
138,user_137,24,Female,186.5,59.4,17.1,2445,True
139,user_138,57,Female,184.0,76.3,22.5,2381,True
140,user_139,34,Female,162.9,79.2,29.8,2570,True
141,user_140,37,Female,156.5,92.2,37.6,2029,True
142,user_141,19,Male,195.5,97.0,25.4,3249,True
143,user_142,67,Male,195.9,100.3,26.1,2684,True
144,user_143,69,Female,175.7,116.0,37.6,3083,True
145,user_144,21,Female,195.3,98.5,25.8,2685,True
146,user_145,40,Male,160.1,100.5,39.2,2712,True
147,user_146,49,Male,156.9,70.6,28.7,2110,True
148,user_147,41,Male,196.6,77.5,20.1,3017,True
149,user_148,26,Male,150.7,52.8,23.2,1641,True
150,user_149,19,Female,162.5,74.5,28.2,3093,True
151,user_150,34,Male,156.8,81.9,33.3,2880,True
152,user_151,45,Male,172.3,79.5,26.8,2516,True
153,user_152,50,Male,163.8,82.4,30.7,2866,True
154,user_153,65,Female,166.5,115.5,41.7,2871,True
155,user_154,38,Male,157.6,87.2,35.1,2219,True
156,user_155,66,Male,153.9,115.7,48.8,3265,True
157,user_156,25,Female,188.7,90.8,25.5,3197,True
158,user_157,32,Male,199.0,107.3,27.1,3451,True
159,user_158,31,Male,172.5,74.5,25.0,2612,True
160,user_159,27,Female,177.8,96.8,30.6,2212,True
161,user_160,57,Female,151.6,69.6,30.3,1672,True
162,user_161,41,Male,184.9,66.6,19.5,2253,True
163,user_162,45,Female,178.5,115.0,36.1,2315,True
164,user_163,37,Female,183.9,80.0,23.7,2743,True
165,user_164,40,Female,162.1,83.5,31.8,2223,True
166,user_165,40,Female,171.5,52.9,18.0,1962,True
167,user_166,42,Female,170.7,87.4,30.0,2200,True
168,user_167,62,Female,183.8,73.7,21.8,2467,True
169,user_168,46,Male,155.5,96.8,40.0,2500,True
170,user_169,53,Male,195.3,62.0,16.3,1744,True
171,user_170,33,Female,163.0,92.8,34.9,2840,True
172,user_171,65,Female,150.9,60.4,26.5,2087,True
173,user_172,53,Male,163.7,98.1,36.6,3001,True
174,user_173,42,Female,162.8,73.7,27.8,2119,True
175,user_174,46,Female,153.2,99.0,42.2,3224,True
176,user_175,27,Male,185.2,75.7,22.1,2690,True
177,user_176,31,Male,198.8,53.8,13.6,2295,True
178,user_177,64,Female,182.6,94.0,28.2,2560,True
179,user_178,49,Male,172.4,89.6,30.1,3156,True
180,user_179,42,Female,185.7,113.5,32.9,3162,True
181,user_180,20,Male,194.3,98.2,26.0,3377,True
182,user_181,51,Female,176.2,54.8,17.7,2471,True
183,user_182,65,Female,159.0,105.1,41.6,2839,True
184,user_183,59,Female,185.6,100.5,29.2,3037,True
185,user_184,31,Male,191.5,87.5,23.9,3402,True
186,user_185,37,Female,180.5,81.8,25.1,2306,True
187,user_186,42,Female,188.2,79.5,22.4,2413,True
188,user_187,66,Female,159.1,101.6,40.1,2755,True
189,user_188,39,Male,162.6,50.6,19.1,1820,True
190,user_189,42,Male,157.2,56.9,23.0,1603,True
191,user_190,49,Female,190.2,103.9,28.7,2608,True
192,user_191,68,Male,188.8,86.3,24.2,2609,True
193,user_192,44,Male,155.2,99.9,41.5,2051,True
194,user_193,52,Male,185.3,111.8,32.6,3202,True
195,user_194,52,Female,194.0,50.2,13.3,1694,True
196,user_195,31,Female,162.9,79.8,30.1,2984,True
197,user_196,53,Male,188.8,119.1,33.4,3577,True
198,user_197,65,Male,170.2,104.9,36.2,3293,True
199,user_198,63,Male,190.5,114.0,31.4,3103,True
200,user_199,19,Female,176.7,99.3,31.8,2763,True
201,user_200,38,Female,168.3,64.4,22.7,1957,True
202,user_201,42,Female,160.2,87.2,34.0,2366,True
203,user_202,35,Female,172.0,103.1,34.8,2879,True
204,user_203,53,Female,157.0,92.0,37.3,2358,True
205,user_204,52,Female,182.9,92.7,27.7,2626,True
206,user_205,50,Female,190.1,56.1,15.5,1920,True
207,user_206,57,Female,166.6,59.5,21.4,1997,True
208,user_207,64,Male,194.2,81.3,21.6,1987,True
209,user_208,25,Male,178.0,106.9,33.7,3171,True
210,user_209,70,Female,176.7,50.7,16.2,2230,True
211,user_210,34,Female,184.5,97.3,28.6,3428,True
212,user_211,51,Male,198.3,60.9,15.5,2026,True
213,user_212,43,Male,182.7,112.9,33.8,3352,True
214,user_213,52,Female,155.4,46.7,19.3,1882,True
215,user_214,50,Male,161.0,99.9,38.5,3221,True
216,user_215,50,Male,179.0,108.3,33.8,2882,True
217,user_216,37,Female,187.4,108.0,30.8,3074,True
218,user_217,33,Female,176.3,83.0,26.7,2260,True
219,user_218,36,Female,174.6,83.2,27.3,1975,True
220,user_219,49,Female,159.6,119.9,47.1,3029,True
221,user_220,25,Male,187.9,87.2,24.7,2136,True
222,user_221,70,Female,173.5,90.2,30.0,2071,True
223,user_222,68,Female,182.4,109.8,33.0,2531,True
224,user_223,38,Male,167.7,97.8,34.8,2364,True
225,user_224,57,Male,199.3,93.2,23.5,2452,True
226,user_225,25,Male,162.8,74.6,28.1,2259,True
227,user_226,39,Male,192.2,111.7,30.2,2895,True
228,user_227,57,Male,196.2,114.8,29.8,3065,True
229,user_228,28,Male,189.4,113.2,31.6,3724,True
230,user_229,22,Male,170.5,84.6,29.1,2621,True
231,user_230,45,Male,168.0,51.4,18.2,1718,True
232,user_231,59,Female,181.1,74.6,22.7,2322,True
233,user_232,46,Male,161.3,63.5,24.4,2546,True
234,user_233,68,Male,199.3,94.5,23.8,3288,True
235,user_234,39,Male,170.6,48.2,16.6,2232,True
236,user_235,57,Female,151.0,68.5,30.0,2341,True
237,user_236,69,Male,152.8,113.0,48.4,2141,True
238,user_237,24,Male,172.1,113.5,38.3,2577,True
239,user_238,26,Male,152.4,94.5,40.7,3346,True
240,user_239,42,Male,197.4,66.4,17.0,2414,True
241,user_240,19,Male,165.3,104.4,38.2,2367,True
242,user_241,63,Female,187.8,62.5,17.7,2248,True
243,user_242,25,Female,162.4,48.1,18.2,1887,True
244,user_243,24,Female,173.8,51.6,17.1,1676,True
245,user_244,69,Female,160.9,108.3,41.8,2836,True
246,user_245,36,Male,159.1,45.5,18.0,2254,True
247,user_246,47,Male,150.2,77.2,34.2,2205,True
248,user_247,47,Male,161.6,50.3,19.3,1842,True
249,user_248,60,Female,199.8,58.0,14.5,2141,True
250,user_249,58,Male,175.1,113.3,37.0,3150,True
251,user_250,65,Male,168.8,63.4,22.3,2080,True
252,user_251,54,Male,161.5,109.6,42.0,3348,True
253,user_252,25,Female,170.4,82.3,28.3,2693,True
254,user_253,58,Female,177.5,91.2,28.9,2183,True
255,user_254,67,Male,199.9,74.1,18.5,2253,True
256,user_255,51,Male,184.6,91.3,26.8,2243,True
257,user_256,40,Male,177.4,117.7,37.4,3100,True
258,user_257,57,Female,172.3,67.6,22.8,2022,True
259,user_258,50,Male,158.7,80.7,32.0,2584,True
260,user_259,70,Female,173.4,52.2,17.4,2062,True
261,user_260,42,Female,150.1,49.5,22.0,1621,True
262,user_261,27,Male,171.5,106.7,36.3,3306,True
263,user_262,38,Female,182.9,78.6,23.5,2058,True
264,user_263,46,Male,155.3,57.2,23.7,2244,True
265,user_264,35,Male,189.2,95.3,26.6,2955,True
266,user_265,66,Male,180.0,98.8,30.5,2413,True
267,user_266,59,Male,163.8,66.4,24.7,2276,True
268,user_267,36,Female,177.6,108.6,34.4,3651,True
269,user_268,30,Male,192.6,112.6,30.4,2406,True
270,user_269,23,Female,174.4,65.7,21.6,1843,True
271,user_270,60,Female,186.8,105.7,30.3,2582,True
272,user_271,67,Male,164.7,52.8,19.5,1524,True
273,user_272,69,Male,188.1,57.9,16.4,1699,True
274,user_273,29,Male,152.8,67.5,28.9,2223,True
275,user_274,21,Female,198.8,83.7,21.2,2501,True
276,user_275,29,Male,158.7,103.0,40.9,2768,True
277,user_276,40,Male,194.2,72.0,19.1,2719,True
278,user_277,55,Male,165.5,80.9,29.5,2494,True
279,user_278,69,Male,189.7,54.3,15.1,1902,True
280,user_279,37,Female,156.8,111.7,45.4,3477,True
281,user_280,22,Female,193.8,111.9,29.8,3750,True
282,user_281,46,Male,177.8,104.3,33.0,2246,True
283,user_282,47,Male,160.6,105.0,40.7,2475,True
284,user_283,31,Male,168.3,89.5,31.6,2260,True
285,user_284,48,Male,157.8,112.3,45.1,2566,True
286,user_285,23,Female,183.5,101.5,30.1,2784,True
287,user_286,50,Male,173.5,75.9,25.2,1953,True
288,user_287,53,Female,152.9,76.6,32.8,1737,True
289,user_288,36,Male,188.5,88.0,24.8,2080,True
290,user_289,52,Male,182.5,58.2,17.5,1797,True
291,user_290,52,Female,171.3,102.3,34.9,2642,True
292,user_291,53,Female,158.5,81.4,32.4,2217,True
293,user_292,62,Female,164.3,48.0,17.8,2050,True
294,user_293,55,Female,176.2,51.5,16.6,2094,True
295,user_294,30,Male,199.1,53.8,13.6,1944,True
296,user_295,47,Male,178.8,63.5,19.9,1680,True
297,user_296,69,Male,172.1,59.5,20.1,2188,True
298,user_297,57,Male,193.5,49.0,13.1,2113,True
299,user_298,37,Female,191.1,51.4,14.1,1778,True
300,user_299,19,Male,153.9,103.8,43.8,3168,True
301,user_300,18,Male,195.6,66.3,17.3,2570,True
302,user_301,60,Male,171.0,94.3,32.2,2527,True
303,user_302,53,Female,168.6,118.1,41.5,3401,True
304,user_303,70,Male,187.7,51.3,14.6,1799,True
305,user_304,43,Female,199.8,110.5,27.7,2746,True
306,user_305,26,Female,195.6,87.8,22.9,3307,True
307,user_306,44,Male,193.8,66.9,17.8,1808,True
308,user_307,67,Male,183.8,119.4,35.3,2281,True
309,user_308,38,Male,169.6,75.2,26.1,2994,True
310,user_309,57,Male,185.1,102.8,30.0,3190,True
311,user_310,60,Female,179.5,118.3,36.7,3272,True
312,user_311,54,Male,199.7,50.4,12.6,1642,True
313,user_312,69,Female,178.7,77.0,24.1,2062,True
314,user_313,57,Female,176.6,92.4,29.6,2268,True
315,user_314,67,Female,175.8,50.6,16.4,1919,True
316,user_315,47,Male,161.9,115.2,43.9,2732,True
317,user_316,61,Male,158.0,110.9,44.4,3151,True
318,user_317,32,Female,195.7,97.6,25.5,2465,True
319,user_318,26,Male,199.6,75.1,18.9,2182,True
320,user_319,45,Female,187.9,108.0,30.6,3375,True
321,user_320,64,Female,154.5,46.8,19.6,1988,True
322,user_321,43,Female,165.4,111.8,40.9,2568,True
323,user_322,40,Male,154.4,116.4,48.8,2442,True
324,user_323,51,Male,190.8,63.2,17.4,2064,True
325,user_324,66,Female,158.7,101.2,40.2,2187,True
326,user_325,60,Male,195.1,83.7,22.0,2658,True
327,user_326,44,Female,176.1,66.5,21.4,2323,True
328,user_327,56,Male,183.7,82.3,24.4,2194,True
329,user_328,22,Male,160.7,49.8,19.3,2502,True
330,user_329,45,Male,174.6,118.6,38.9,2653,True
331,user_330,27,Male,164.1,72.5,26.9,2539,True
332,user_331,66,Female,165.2,95.3,34.9,2229,True
333,user_332,55,Male,171.4,89.1,30.3,2726,True
334,user_333,34,Female,179.3,118.7,36.9,2724,True
335,user_334,28,Male,154.3,99.6,41.8,2785,True
336,user_335,68,Male,199.4,60.5,15.2,1742,True
337,user_336,54,Male,182.1,77.0,23.2,1904,True
338,user_337,53,Male,166.9,109.5,39.3,2099,True
339,user_338,68,Male,152.2,53.4,23.1,1662,True
340,user_339,57,Male,183.3,55.8,16.6,2553,True
341,user_340,48,Male,184.5,89.7,26.4,1990,True
342,user_341,37,Male,186.6,114.3,32.8,2401,True
343,user_342,60,Female,177.9,82.3,26.0,2554,True
344,user_343,50,Female,151.2,55.7,24.4,1470,True
345,user_344,56,Female,183.9,70.4,20.8,1851,True
346,user_345,65,Female,177.9,61.1,19.3,2460,True
347,user_346,65,Male,177.2,80.8,25.7,2540,True
348,user_347,56,Male,179.9,53.3,16.5,2359,True
349,user_348,31,Female,196.1,60.8,15.8,2661,True
350,user_349,24,Male,189.0,53.3,14.9,2538,True
351,user_350,63,Female,153.7,69.2,29.3,1784,True
352,user_351,37,Female,151.7,111.6,48.5,3573,True
353,user_352,47,Male,183.5,74.7,22.2,2899,True
354,user_353,19,Male,178.6,68.0,21.3,1943,True
355,user_354,69,Female,188.1,96.6,27.3,2148,True
356,user_355,20,Male,193.3,110.7,29.6,3435,True
357,user_356,21,Female,196.3,105.0,27.2,3716,True
358,user_357,61,Female,199.7,89.4,22.4,2554,True
359,user_358,23,Female,155.5,89.0,36.8,3157,True
360,user_359,41,Male,169.7,65.6,22.8,2256,True
361,user_360,42,Female,180.9,116.7,35.7,3400,True
362,user_361,61,Male,198.2,101.5,25.8,3470,True
363,user_362,42,Male,167.6,78.4,27.9,2669,True
364,user_363,51,Male,180.9,90.8,27.7,2620,True
365,user_364,36,Female,177.1,118.2,37.7,3303,True
366,user_365,42,Female,155.1,75.0,31.2,2598,True
367,user_366,38,Male,179.1,48.3,15.1,1713,True
368,user_367,56,Female,179.5,56.1,17.4,2218,True
369,user_368,29,Female,155.8,100.0,41.2,2363,True
370,user_369,27,Female,173.8,65.6,21.7,2527,True
371,user_370,27,Female,187.5,49.2,14.0,2458,True
372,user_371,38,Male,171.1,68.0,23.2,2779,True
373,user_372,57,Female,182.7,64.5,19.3,2181,True
374,user_373,44,Male,163.7,93.9,35.0,2498,True
375,user_374,22,Male,173.3,71.9,23.9,1872,True
376,user_375,59,Female,153.9,52.8,22.3,1789,True
377,user_376,68,Male,183.6,45.6,13.5,1663,True
378,user_377,30,Male,187.4,97.6,27.8,3472,True
379,user_378,55,Female,194.7,69.8,18.4,1816,True
380,user_379,48,Female,188.0,86.3,24.4,2655,True
381,user_380,48,Female,152.8,68.9,29.5,2184,True
382,user_381,59,Female,156.1,97.2,39.9,2257,True
383,user_382,20,Male,170.7,82.7,28.4,2273,True
384,user_383,32,Male,199.6,74.1,18.6,2063,True
385,user_384,22,Female,182.8,57.5,17.2,1922,True
386,user_385,23,Male,194.2,77.1,20.4,3000,True
387,user_386,68,Male,196.7,78.0,20.2,2491,True
388,user_387,65,Male,151.1,97.7,42.8,1880,True
389,user_388,46,Male,188.0,79.4,22.5,3012,True
390,user_389,37,Male,191.1,70.5,19.3,2179,True
391,user_390,29,Female,163.3,56.9,21.3,2400,True
392,user_391,44,Female,151.8,84.6,36.7,1947,True
393,user_392,32,Male,193.4,70.2,18.8,2042,True
394,user_393,43,Female,157.6,61.4,24.7,1922,True
395,user_394,56,Male,179.4,67.1,20.8,1758,True
396,user_395,20,Female,196.1,116.1,30.2,2959,True
397,user_396,41,Male,181.1,73.4,22.4,2535,True
398,user_397,24,Female,166.3,59.1,21.4,2738,True
399,user_398,55,Female,183.2,65.9,19.6,2653,True
400,user_399,49,Female,184.4,103.3,30.4,2545,True
401,user_400,33,Male,186.0,83.0,24.0,2041,True
402,user_401,69,Male,169.6,61.3,21.3,1918,True
403,user_402,52,Female,181.9,83.5,25.2,2701,True
404,user_403,56,Female,164.4,63.0,23.3,1983,True
405,user_404,40,Male,166.3,86.4,31.2,2139,True
406,user_405,24,Male,195.4,114.7,30.0,2974,True
407,user_406,51,Female,171.3,71.7,24.4,2115,True
408,user_407,53,Male,196.3,109.5,28.4,3376,True
409,user_408,38,Female,197.6,95.1,24.4,2473,True
410,user_409,57,Female,184.5,79.3,23.3,2349,True
411,user_410,21,Male,155.8,61.3,25.3,2459,True
412,user_411,46,Female,152.6,80.3,34.5,2152,True
413,user_412,18,Male,186.7,81.8,23.5,3168,True
414,user_413,57,Male,182.1,113.5,34.2,3024,True
415,user_414,37,Male,199.7,82.7,20.7,2176,True
416,user_415,69,Female,152.1,111.3,48.1,2110,True
417,user_416,26,Female,169.2,111.7,39.0,2569,True
418,user_417,47,Male,176.5,55.0,17.7,1694,True
419,user_418,20,Female,179.0,64.0,20.0,2151,True
420,user_419,64,Female,160.8,99.9,38.6,2370,True
421,user_420,27,Female,182.2,88.5,26.7,3333,True
422,user_421,66,Female,170.7,100.1,34.4,3213,True
423,user_422,38,Male,158.1,76.1,30.4,2521,True
424,user_423,70,Female,197.0,54.2,14.0,1736,True
425,user_424,53,Female,192.7,91.6,24.7,2063,True
426,user_425,32,Female,173.1,95.0,31.7,2625,True
427,user_426,67,Female,179.8,83.6,25.9,2137,True
428,user_427,55,Female,197.2,81.6,21.0,2207,True
429,user_428,67,Male,165.9,114.7,41.7,2417,True
430,user_429,28,Male,175.5,108.5,35.2,2778,True
431,user_430,30,Male,191.0,49.5,13.6,1693,True
432,user_431,52,Male,162.3,87.5,33.2,2951,True
433,user_432,34,Female,182.9,54.4,16.3,2660,True
434,user_433,21,Male,191.2,63.5,17.4,2797,True
435,user_434,38,Female,192.2,66.9,18.1,2164,True
436,user_435,33,Male,180.7,86.1,26.4,2288,True
437,user_436,21,Female,190.4,87.2,24.1,2141,True
438,user_437,30,Male,188.0,68.4,19.4,2295,True
439,user_438,48,Female,170.9,83.2,28.5,2963,True
440,user_439,59,Female,184.1,66.7,19.7,2051,True
441,user_440,51,Male,184.1,89.3,26.3,2007,True
442,user_441,26,Male,188.6,71.9,20.2,2659,True
443,user_442,21,Female,157.7,105.9,42.6,3114,True
444,user_443,64,Female,191.8,67.2,18.3,1896,True
445,user_444,31,Female,176.2,54.2,17.5,2358,True
446,user_445,42,Female,157.2,104.9,42.4,2280,True
447,user_446,18,Male,187.2,79.6,22.7,3213,True
448,user_447,54,Male,151.0,47.4,20.8,1763,True
449,user_448,29,Male,172.3,117.0,39.4,2765,True
450,user_449,28,Female,190.3,77.5,21.4,3228,True
451,user_450,53,Male,168.6,51.6,18.2,2269,True
452,user_451,41,Female,186.9,119.8,34.3,3906,True
453,user_452,65,Male,164.4,85.4,31.6,2058,True
454,user_453,61,Male,199.8,82.0,20.5,2524,True
455,user_454,24,Female,152.8,67.4,28.9,2552,True
456,user_455,59,Female,171.7,109.9,37.3,2314,True
457,user_456,69,Female,192.5,85.6,23.1,2279,True
458,user_457,66,Female,189.0,69.3,19.4,2239,True
459,user_458,65,Female,173.2,91.0,30.3,2513,True
460,user_459,49,Male,152.9,47.5,20.3,1807,True
461,user_460,41,Female,198.2,76.4,19.4,2852,True
462,user_461,21,Female,168.8,109.3,38.4,2727,True
463,user_462,26,Male,193.1,66.0,17.7,2468,True
464,user_463,57,Female,152.9,80.5,34.4,1847,True
465,user_464,39,Male,154.8,58.3,24.3,2222,True
466,user_465,63,Female,185.3,70.7,20.6,1741,True
467,user_466,61,Male,166.4,90.1,32.5,1870,True
468,user_467,69,Female,151.7,48.3,21.0,1854,True
469,user_468,54,Male,179.0,64.2,20.0,1730,True
470,user_469,18,Female,181.3,62.4,19.0,2340,True
471,user_470,55,Female,171.7,84.5,28.7,2511,True
472,user_471,60,Male,151.1,49.8,21.8,1729,True
473,user_472,35,Male,158.5,58.9,23.4,2331,True
474,user_473,44,Female,181.1,112.5,34.3,2236,True
475,user_474,50,Female,190.3,52.7,14.6,1958,True
476,user_475,54,Female,182.9,48.2,14.4,1522,True
477,user_476,33,Female,189.5,117.7,32.8,2669,True
478,user_477,60,Male,165.3,87.8,32.1,2993,True
479,user_478,18,Female,193.0,60.3,16.2,2611,True
480,user_479,65,Female,182.0,107.5,32.5,2708,True
481,user_480,27,Male,156.3,65.1,26.6,2410,True
482,user_481,18,Male,198.5,57.1,14.5,2811,True
483,user_482,24,Female,157.3,113.4,45.8,3277,True
484,user_483,48,Male,195.8,83.9,21.9,2739,True
485,user_484,22,Female,150.9,114.4,50.2,2315,True
486,user_485,37,Male,179.5,61.8,19.2,2085,True
487,user_486,37,Male,160.5,114.3,44.4,3487,True
488,user_487,41,Female,181.4,85.0,25.8,2626,True
489,user_488,43,Female,193.6,59.3,15.8,2726,True
490,user_489,42,Female,177.8,112.3,35.5,3410,True
491,user_490,27,Male,191.7,92.5,25.2,3534,True
492,user_491,45,Female,185.3,51.2,14.9,2303,True
493,user_492,19,Female,194.8,60.6,16.0,2260,True
494,user_493,52,Female,176.5,110.3,35.4,2840,True
495,user_494,22,Female,181.9,107.9,32.6,3289,True
496,user_495,24,Female,150.5,95.7,42.3,2179,True
497,user_496,66,Male,198.4,66.3,16.8,2598,True
498,user_497,24,Male,160.7,65.9,25.5,2414,True
499,user_498,23,Female,199.8,80.5,20.2,3367,True
500,user_499,66,Male,194.3,57.7,15.3,2093,True
501,user_500,32,Male,151.9,95.8,41.5,2611,True
502,user_501,62,Male,168.9,54.6,19.1,1730,True
503,user_502,62,Male,150.3,117.9,52.2,2429,True
504,user_503,70,Female,170.7,55.7,19.1,1908,True
505,user_504,22,Male,189.7,56.3,15.6,2830,True
506,user_505,50,Male,171.4,112.2,38.2,2816,True
507,user_506,60,Female,176.3,119.6,38.5,3140,True
508,user_507,53,Male,154.5,53.5,22.4,1829,True
509,user_508,52,Female,199.0,100.0,25.3,2274,True
510,user_509,38,Female,166.8,92.3,33.2,2363,True
511,user_510,27,Male,179.0,102.5,32.0,2450,True
512,user_511,38,Male,171.3,70.5,24.0,2729,True
513,user_512,66,Male,167.1,82.3,29.5,1795,True
514,user_513,57,Male,152.4,96.1,41.4,2280,True
515,user_514,58,Male,198.8,47.1,11.9,1574,True
516,user_515,25,Female,156.0,50.2,20.6,2524,True
517,user_516,64,Male,165.4,46.4,17.0,1537,True
518,user_517,46,Female,178.1,99.4,31.3,2526,True
519,user_518,23,Female,168.0,48.4,17.1,2568,True
520,user_519,47,Male,167.8,47.5,16.9,2326,True
521,user_520,18,Female,166.7,82.1,29.5,3062,True
522,user_521,21,Female,183.7,74.6,22.1,2936,True
523,user_522,67,Female,183.3,83.6,24.9,2075,True
524,user_523,20,Female,156.4,91.0,37.2,2796,True
525,user_524,24,Female,153.2,119.8,51.0,2810,True
526,user_525,20,Male,151.7,87.7,38.1,3173,True
527,user_526,53,Female,161.2,77.5,29.8,1970,True
528,user_527,32,Male,195.7,79.1,20.7,2644,True
529,user_528,38,Female,191.8,109.9,29.9,3005,True
530,user_529,52,Female,185.3,62.6,18.2,1759,True
531,user_530,39,Female,179.2,84.5,26.3,2681,True
532,user_531,21,Female,198.1,50.1,12.8,2787,True
533,user_532,49,Male,153.1,56.1,23.9,2367,True
534,user_533,41,Female,157.2,116.3,47.1,3156,True
535,user_534,48,Male,160.3,61.8,24.1,2372,True
536,user_535,24,Male,170.9,89.8,30.7,2254,True
537,user_536,46,Male,173.4,66.5,22.1,1720,True
538,user_537,36,Male,160.3,60.2,23.4,2688,True
539,user_538,26,Male,187.1,57.0,16.3,2433,True
540,user_539,38,Male,194.8,68.1,17.9,2879,True
541,user_540,44,Male,167.5,96.7,34.5,2867,True
542,user_541,55,Male,166.3,48.8,17.6,1706,True
543,user_542,56,Male,155.9,105.2,43.3,2263,True
544,user_543,46,Female,180.3,63.0,19.4,2518,True
545,user_544,41,Female,168.0,117.9,41.8,3743,True
546,user_545,60,Female,153.3,119.1,50.7,2820,True
547,user_546,56,Female,158.6,48.7,19.4,1434,True
548,user_547,25,Male,162.8,97.0,36.6,2787,True
549,user_548,53,Male,166.2,60.7,22.0,1675,True
550,user_549,44,Female,153.2,75.2,32.0,2532,True
551,user_550,48,Male,198.8,114.1,28.9,3620,True
552,user_551,68,Male,177.5,117.1,37.2,3277,True
553,user_552,64,Male,184.1,46.4,13.7,1625,True
554,user_553,60,Female,189.0,92.7,26.0,2312,True
555,user_554,54,Male,185.1,118.2,34.5,3033,True
556,user_555,47,Male,198.4,47.5,12.1,2053,True
557,user_556,24,Male,161.0,90.3,34.8,2924,True
558,user_557,60,Female,157.7,101.9,41.0,2678,True
559,user_558,36,Male,166.7,84.4,30.4,2160,True
560,user_559,22,Male,193.1,107.6,28.9,2423,True
561,user_560,69,Female,168.0,76.5,27.1,2259,True
562,user_561,24,Male,180.1,116.3,35.9,2679,True
563,user_562,58,Female,167.7,103.4,36.8,2269,True
564,user_563,58,Male,177.6,88.1,27.9,2245,True
565,user_564,37,Female,183.0,79.7,23.8,3171,True
566,user_565,53,Male,194.1,85.4,22.7,2249,True
567,user_566,61,Female,168.1,91.8,32.5,2905,True
568,user_567,46,Male,152.0,113.1,49.0,2368,True
569,user_568,65,Male,194.9,50.6,13.3,2230,True
570,user_569,20,Female,152.2,108.7,46.9,3594,True
571,user_570,31,Female,196.7,85.6,22.1,3124,True
572,user_571,27,Female,162.7,89.4,33.8,2650,True
573,user_572,35,Male,192.8,86.3,23.2,3131,True
574,user_573,33,Male,189.4,46.6,13.0,2280,True
575,user_574,41,Male,186.7,102.2,29.3,3033,True
576,user_575,68,Female,198.1,86.8,22.1,2238,True
577,user_576,46,Male,178.3,55.4,17.4,1778,True
578,user_577,33,Female,192.2,86.7,23.5,2373,True
579,user_578,57,Female,174.8,47.7,15.6,2199,True
580,user_579,37,Female,187.0,57.8,16.5,2450,True
581,user_580,38,Male,172.8,93.9,31.4,2457,True
582,user_581,41,Female,195.0,49.9,13.1,2391,True
583,user_582,42,Female,167.3,60.5,21.6,1736,True
584,user_583,25,Male,189.9,103.5,28.7,2591,True
585,user_584,64,Female,173.7,48.3,16.0,1756,True
586,user_585,48,Female,188.4,106.3,29.9,3192,True
587,user_586,45,Female,160.4,108.2,42.1,2924,True
588,user_587,28,Male,150.1,85.3,37.9,2813,True
589,user_588,34,Female,189.4,101.0,28.2,2218,True
590,user_589,27,Male,162.8,65.8,24.8,2779,True
591,user_590,33,Female,170.6,76.6,26.3,2937,True
592,user_591,61,Male,170.7,74.5,25.6,2277,True
593,user_592,47,Male,182.6,45.3,13.6,2280,True
594,user_593,57,Female,171.4,97.7,33.3,2032,True
595,user_594,65,Female,162.5,67.1,25.4,2487,True
596,user_595,48,Female,180.1,60.4,18.6,1904,True
597,user_596,28,Female,168.2,110.3,39.0,2782,True
598,user_597,48,Female,150.1,109.2,48.5,2389,True
599,user_598,70,Female,184.7,84.0,24.6,2750,True
600,user_599,26,Male,163.7,98.6,36.8,2507,True
601,user_600,26,Female,179.1,76.7,23.9,2824,True
602,user_601,29,Male,186.0,94.4,27.3,2648,True
603,user_602,62,Male,150.4,61.0,27.0,2390,True
604,user_603,32,Male,177.0,99.6,31.8,3176,True
605,user_604,37,Male,169.0,45.2,15.8,1931,True
606,user_605,30,Male,165.4,85.0,31.1,2682,True
607,user_606,35,Female,165.7,45.4,16.5,1973,True
608,user_607,18,Male,184.2,89.6,26.4,2618,True
609,user_608,70,Female,171.7,59.0,20.0,1831,True
610,user_609,46,Male,162.6,72.5,27.4,2135,True
611,user_610,60,Female,187.0,76.2,21.8,2544,True
612,user_611,66,Female,152.9,78.4,33.5,1903,True
613,user_612,63,Male,189.8,76.2,21.2,1890,True
614,user_613,32,Female,150.1,68.4,30.4,2047,True
615,user_614,29,Male,151.6,90.9,39.6,2420,True
616,user_615,67,Female,180.1,72.7,22.4,2589,True
617,user_616,53,Female,188.6,88.8,25.0,3009,True
618,user_617,64,Female,187.3,77.7,22.1,2511,True
619,user_618,67,Male,162.7,104.0,39.3,3115,True
620,user_619,33,Male,156.6,68.0,27.7,1777,True
621,user_620,18,Male,197.1,71.1,18.3,2930,True
622,user_621,53,Male,164.8,98.7,36.3,2414,True
623,user_622,27,Female,162.4,48.3,18.3,2283,True
624,user_623,18,Female,200.0,98.3,24.6,2502,True
625,user_624,44,Female,159.9,118.5,46.3,2557,True
626,user_625,49,Male,159.6,102.5,40.2,2776,True
627,user_626,36,Male,192.2,45.8,12.4,1932,True
628,user_627,63,Female,194.6,108.0,28.5,2243,True
629,user_628,61,Male,176.4,83.3,26.8,2823,True
630,user_629,69,Female,186.4,117.7,33.9,2947,True
631,user_630,31,Male,175.9,103.1,33.3,2503,True
632,user_631,64,Male,174.8,79.2,25.9,1949,True
633,user_632,18,Male,187.2,58.7,16.8,2505,True
634,user_633,25,Male,161.9,103.0,39.3,2529,True
635,user_634,43,Female,172.9,101.7,34.0,2598,True
636,user_635,37,Female,168.6,60.7,21.4,1919,True
637,user_636,35,Male,184.7,116.8,34.2,3161,True
638,user_637,68,Male,152.1,102.8,44.4,2694,True
639,user_638,58,Male,193.4,99.2,26.5,3066,True
640,user_639,28,Female,183.1,62.8,18.7,2711,True
641,user_640,45,Male,169.0,83.0,29.1,2266,True
642,user_641,43,Male,152.7,45.1,19.3,2062,True
643,user_642,52,Male,185.9,70.7,20.5,1770,True
644,user_643,58,Male,161.1,84.0,32.4,2017,True
645,user_644,54,Female,154.6,84.0,35.1,2164,True
646,user_645,18,Male,187.6,111.4,31.7,2677,True
647,user_646,35,Male,180.0,89.8,27.7,2694,True
648,user_647,65,Male,161.1,64.2,24.7,2124,True
649,user_648,63,Male,177.4,90.7,28.8,2398,True
650,user_649,33,Male,163.3,55.5,20.8,2023,True
651,user_650,57,Male,179.4,109.1,33.9,3143,True
652,user_651,49,Female,185.4,60.9,17.7,1648,True
653,user_652,38,Female,185.2,75.1,21.9,2223,True
654,user_653,51,Male,183.1,107.0,31.9,3376,True
655,user_654,66,Male,195.8,108.7,28.4,2733,True
656,user_655,46,Male,156.5,49.6,20.3,1887,True
657,user_656,35,Female,179.6,75.0,23.3,2747,True
658,user_657,43,Female,156.3,76.2,31.2,1902,True
659,user_658,25,Female,168.1,117.7,41.7,3654,True
660,user_659,54,Male,158.8,79.4,31.5,2032,True
661,user_660,25,Female,195.1,60.2,15.8,2772,True
662,user_661,46,Male,161.3,93.1,35.8,2687,True
663,user_662,59,Female,163.9,80.5,30.0,1816,True
664,user_663,28,Male,161.6,115.0,44.0,3500,True
665,user_664,25,Female,174.5,83.2,27.3,2745,True
666,user_665,33,Female,182.7,119.3,35.7,2895,True
667,user_666,62,Male,173.6,73.7,24.5,2708,True
668,user_667,23,Male,184.1,66.5,19.6,2030,True
669,user_668,46,Male,178.4,112.8,35.4,2620,True
670,user_669,50,Female,188.9,92.6,26.0,2544,True
671,user_670,68,Male,190.5,85.5,23.6,1863,True
672,user_671,65,Male,170.9,54.0,18.5,2387,True
673,user_672,28,Female,168.6,62.7,22.1,2325,True
674,user_673,42,Female,170.5,65.6,22.6,2097,True
675,user_674,47,Female,175.6,50.1,16.2,1613,True
676,user_675,44,Female,171.2,59.0,20.1,2212,True
677,user_676,25,Female,195.8,69.1,18.0,1937,True
678,user_677,39,Female,159.0,63.4,25.1,2283,True
679,user_678,49,Female,175.2,116.1,37.8,2264,True
680,user_679,23,Male,192.0,106.8,29.0,2789,True
681,user_680,38,Male,150.3,48.5,21.5,1741,True
682,user_681,21,Female,175.4,53.3,17.3,2153,True
683,user_682,50,Female,156.3,105.1,43.0,3022,True
684,user_683,57,Female,193.4,93.9,25.1,2619,True
685,user_684,54,Male,186.8,64.3,18.4,2579,True
686,user_685,31,Female,154.7,73.6,30.8,2815,True
687,user_686,38,Female,156.1,93.0,38.2,3028,True
688,user_687,62,Female,168.9,109.7,38.5,2663,True
689,user_688,28,Female,171.2,64.1,21.9,1963,True
690,user_689,42,Female,199.8,48.4,12.1,1906,True
691,user_690,58,Female,156.6,71.7,29.2,2509,True
692,user_691,43,Female,158.2,48.3,19.3,1545,True
693,user_692,43,Male,198.3,83.1,21.1,3040,True
694,user_693,22,Female,196.1,102.9,26.8,3730,True
695,user_694,38,Male,162.1,58.8,22.4,1682,True
696,user_695,63,Female,195.3,51.5,13.5,2506,True
697,user_696,53,Male,186.6,78.3,22.5,2715,True
698,user_697,41,Male,164.1,61.0,22.7,2578,True
699,user_698,29,Male,179.0,110.0,34.3,2843,True
700,user_699,18,Male,184.3,104.8,30.9,3252,True
701,user_700,24,Female,178.1,88.5,27.9,2915,True
702,user_701,22,Female,181.1,59.1,18.0,2761,True
703,user_702,67,Male,158.5,63.9,25.4,2160,True
704,user_703,62,Male,181.4,107.2,32.6,2993,True
705,user_704,51,Male,161.5,58.7,22.5,1527,True
706,user_705,50,Female,188.5,75.6,21.3,2571,True
707,user_706,23,Female,188.8,67.2,18.9,2432,True
708,user_707,24,Female,160.4,68.2,26.5,2325,True
709,user_708,46,Female,159.7,59.5,23.3,1846,True
710,user_709,48,Female,173.3,112.4,37.4,3446,True
711,user_710,23,Male,177.5,82.8,26.3,2615,True
712,user_711,65,Male,152.2,115.6,49.9,3325,True
713,user_712,18,Female,178.8,64.8,20.3,2416,True
714,user_713,66,Male,151.8,108.1,46.9,2521,True
715,user_714,45,Male,151.2,82.7,36.2,2604,True
716,user_715,40,Male,173.0,46.5,15.5,1849,True
717,user_716,45,Male,198.4,63.2,16.1,1965,True
718,user_717,27,Male,163.4,103.8,38.9,2735,True
719,user_718,21,Male,196.3,69.3,18.0,2926,True
720,user_719,32,Female,167.9,95.3,33.8,3302,True
721,user_720,62,Male,173.7,56.5,18.7,1830,True
722,user_721,18,Male,156.7,90.9,37.0,2596,True
723,user_722,58,Male,192.0,47.0,12.7,2314,True
724,user_723,33,Male,190.4,67.2,18.5,3027,True
725,user_724,33,Male,156.5,48.2,19.7,1741,True
726,user_725,40,Female,179.6,55.8,17.3,2380,True
727,user_726,35,Female,179.9,88.3,27.3,2593,True
728,user_727,20,Male,176.8,75.5,24.2,2585,True
729,user_728,35,Male,178.5,78.8,24.7,3041,True
730,user_729,58,Male,164.8,50.3,18.5,1770,True
731,user_730,30,Female,172.1,115.4,39.0,3259,True
732,user_731,47,Female,162.0,63.5,24.2,2527,True
733,user_732,58,Female,159.2,57.2,22.6,1931,True
734,user_733,36,Female,193.0,67.3,18.1,2804,True
735,user_734,70,Female,184.8,70.5,20.6,2384,True
736,user_735,39,Male,184.7,54.7,16.0,2322,True
737,user_736,50,Male,195.9,94.7,24.7,2385,True
738,user_737,61,Female,178.1,45.6,14.4,1865,True
739,user_738,58,Female,153.1,75.4,32.2,2312,True
740,user_739,22,Female,191.4,65.8,18.0,2414,True
741,user_740,45,Male,167.3,63.8,22.8,2291,True
742,user_741,33,Male,194.1,50.9,13.5,2277,True
743,user_742,31,Female,186.8,61.9,17.7,2263,True
744,user_743,34,Male,187.2,109.4,31.2,3433,True
745,user_744,66,Female,151.8,56.8,24.6,1679,True
746,user_745,41,Female,198.8,111.5,28.2,2567,True
747,user_746,70,Female,191.1,76.8,21.0,2164,True
748,user_747,39,Male,190.4,116.6,32.2,3506,True
749,user_748,39,Female,185.9,111.9,32.4,3590,True
750,user_749,47,Male,168.4,99.3,35.0,2724,True
751,user_750,23,Female,157.4,104.5,42.2,3529,True
752,user_751,33,Female,174.3,116.7,38.4,2565,True
753,user_752,56,Male,157.9,57.0,22.9,2114,True
754,user_753,37,Male,198.8,70.1,17.7,2405,True
755,user_754,67,Female,189.7,86.2,24.0,2607,True
756,user_755,49,Female,173.9,52.8,17.5,1570,True
757,user_756,59,Female,177.5,96.0,30.5,2780,True
758,user_757,35,Male,199.2,114.0,28.7,2376,True
759,user_758,47,Male,177.3,57.9,18.4,2489,True
760,user_759,59,Female,162.1,84.7,32.2,2872,True
761,user_760,52,Male,181.5,63.2,19.2,2510,True
762,user_761,68,Male,195.9,69.3,18.1,1855,True
763,user_762,43,Female,157.2,89.6,36.3,2648,True
764,user_763,32,Female,199.9,81.8,20.5,2022,True
765,user_764,38,Male,171.8,81.7,27.7,2187,True
766,user_765,33,Male,154.3,113.7,47.8,2878,True
767,user_766,29,Female,177.2,90.7,28.9,2695,True
768,user_767,54,Male,192.1,91.2,24.7,3237,True
769,user_768,45,Female,188.3,60.4,17.0,2583,True
770,user_769,28,Male,170.5,84.9,29.2,2044,True
771,user_770,25,Female,155.8,87.7,36.1,2338,True
772,user_771,33,Female,173.3,103.4,34.4,2756,True
773,user_772,61,Female,182.8,61.2,18.3,2211,True
774,user_773,38,Male,193.1,56.3,15.1,2349,True
775,user_774,53,Male,151.4,102.0,44.5,2915,True
776,user_775,26,Female,150.1,64.3,28.5,1746,True
777,user_776,22,Male,186.9,99.2,28.4,2874,True
778,user_777,43,Male,187.0,69.9,20.0,2389,True
779,user_778,66,Female,171.8,98.3,33.3,2786,True
780,user_779,65,Female,170.7,56.4,19.4,2287,True
781,user_780,41,Male,162.8,61.8,23.3,2140,True
782,user_781,63,Male,154.8,59.3,24.7,2182,True
783,user_782,59,Male,173.3,92.4,30.8,3077,True
784,user_783,18,Male,150.6,103.9,45.8,3313,True
785,user_784,26,Female,176.0,112.4,36.3,2483,True
786,user_785,21,Female,161.8,108.9,41.6,3395,True
787,user_786,29,Male,173.9,99.5,32.9,2889,True
788,user_787,45,Female,193.5,108.2,28.9,3680,True
789,user_788,61,Male,181.6,101.7,30.8,2362,True
790,user_789,66,Female,151.7,78.0,33.9,2412,True
791,user_790,40,Male,181.4,80.9,24.6,2996,True
792,user_791,64,Female,186.6,61.2,17.6,2103,True
793,user_792,67,Male,151.1,77.7,34.0,2506,True
794,user_793,64,Female,174.5,69.1,22.7,1875,True
795,user_794,68,Female,198.6,107.7,27.3,2533,True
796,user_795,62,Male,160.2,77.8,30.3,1848,True
797,user_796,39,Male,151.4,60.1,26.2,2055,True
798,user_797,52,Male,175.3,84.6,27.5,3089,True
799,user_798,24,Male,168.2,71.8,25.4,2541,True
800,user_799,25,Female,156.6,114.4,46.6,2740,True
801,user_800,59,Female,179.1,116.1,36.2,2992,True
802,user_801,67,Male,184.9,47.0,13.7,1535,True
803,user_802,22,Female,186.2,58.6,16.9,1885,True
804,user_803,29,Male,194.0,79.9,21.2,2166,True
805,user_804,69,Male,177.5,81.0,25.7,1795,True
806,user_805,25,Male,172.4,55.8,18.8,2520,True
807,user_806,66,Male,198.1,85.5,21.8,2061,True
808,user_807,56,Female,161.9,70.5,26.9,2709,True
809,user_808,32,Male,195.3,103.3,27.1,2256,True
810,user_809,34,Male,158.9,115.4,45.7,2434,True
811,user_810,33,Male,181.5,106.9,32.5,2925,True
812,user_811,20,Female,193.3,85.1,22.8,3360,True
813,user_812,48,Male,192.4,68.0,18.4,2196,True
814,user_813,25,Female,155.2,98.6,40.9,3087,True
815,user_814,32,Male,177.0,50.0,16.0,2561,True
816,user_815,22,Female,174.0,73.6,24.3,2863,True
817,user_816,60,Female,182.6,90.3,27.1,2682,True
818,user_817,50,Female,171.5,117.6,40.0,3246,True
819,user_818,68,Male,198.3,85.0,21.6,2466,True
820,user_819,47,Male,184.1,118.3,34.9,2564,True
821,user_820,65,Female,175.2,86.6,28.2,1830,True
822,user_821,64,Male,188.6,89.9,25.3,2997,True
823,user_822,45,Female,193.5,64.8,17.3,2832,True
824,user_823,28,Male,151.4,89.0,38.8,2761,True
825,user_824,37,Female,188.6,60.6,17.0,2564,True
826,user_825,38,Female,197.4,56.2,14.4,2767,True
827,user_826,39,Female,184.2,85.1,25.1,2922,True
828,user_827,29,Male,155.7,100.4,41.4,2896,True
829,user_828,47,Female,197.2,106.1,27.3,2846,True
830,user_829,52,Female,162.0,115.0,43.8,3482,True
831,user_830,45,Male,165.2,90.5,33.2,1938,True
832,user_831,33,Male,195.6,101.3,26.5,3325,True
833,user_832,68,Female,185.6,104.4,30.3,2261,True
834,user_833,55,Male,179.1,106.3,33.1,2258,True
835,user_834,34,Female,169.4,55.9,19.5,2030,True
836,user_835,38,Male,161.9,47.2,18.0,2268,True
837,user_836,49,Female,165.6,76.6,27.9,1934,True
838,user_837,65,Male,183.4,77.8,23.1,2141,True
839,user_838,19,Male,176.1,63.6,20.5,2604,True
840,user_839,26,Female,166.6,56.5,20.4,2135,True
841,user_840,41,Female,154.8,49.9,20.8,1510,True
842,user_841,29,Male,184.4,92.1,27.1,2505,True
843,user_842,33,Male,199.8,103.8,26.0,3006,True
844,user_843,46,Female,174.7,78.7,25.8,2688,True
845,user_844,69,Male,198.9,65.9,16.7,2170,True
846,user_845,49,Male,180.6,48.2,14.8,2440,True
847,user_846,38,Male,195.0,58.4,15.4,2149,True
848,user_847,60,Male,150.7,116.3,51.2,2995,True
849,user_848,37,Male,195.9,118.4,30.9,3354,True
850,user_849,51,Male,166.6,66.7,24.0,2608,True
851,user_850,45,Female,195.0,70.2,18.5,2791,True
852,user_851,25,Female,167.5,94.3,33.6,3428,True
853,user_852,20,Male,154.5,104.8,43.9,3478,True
854,user_853,32,Female,163.4,114.9,43.0,3380,True
855,user_854,56,Female,195.7,119.1,31.1,3429,True
856,user_855,35,Female,182.4,96.6,29.0,2826,True
857,user_856,28,Male,173.9,67.3,22.3,2247,True
858,user_857,30,Male,167.4,60.8,21.7,2149,True
859,user_858,64,Female,162.8,101.5,38.3,2149,True
860,user_859,65,Male,181.1,46.0,14.0,1525,True
861,user_860,63,Female,156.0,110.3,45.3,3220,True
862,user_861,21,Male,157.0,102.8,41.7,3205,True
863,user_862,46,Male,184.1,86.4,25.5,2242,True
864,user_863,49,Male,194.4,62.3,16.5,2504,True
865,user_864,34,Male,150.5,110.6,48.8,2554,True
866,user_865,56,Female,188.8,66.4,18.6,2177,True
867,user_866,61,Female,199.5,69.2,17.4,1772,True
868,user_867,28,Female,192.6,57.8,15.6,2048,True
869,user_868,40,Male,185.2,116.0,33.8,2814,True
870,user_869,53,Male,199.4,78.5,19.7,2032,True
871,user_870,61,Male,193.9,78.9,21.0,2010,True
872,user_871,45,Female,179.1,118.8,37.0,2410,True
873,user_872,44,Female,176.9,86.2,27.5,2694,True
874,user_873,50,Female,178.3,70.9,22.3,1731,True
875,user_874,57,Male,195.0,113.4,29.8,3322,True
876,user_875,64,Male,189.3,56.6,15.8,1931,True
877,user_876,32,Male,167.5,55.7,19.9,1817,True
878,user_877,63,Female,165.2,82.2,30.1,2375,True
879,user_878,43,Female,177.9,116.8,36.9,2395,True
880,user_879,66,Female,166.2,101.9,36.9,2677,True
881,user_880,28,Female,151.3,105.6,46.1,2459,True
882,user_881,44,Male,177.6,105.8,33.5,3083,True
883,user_882,68,Male,152.4,114.4,49.3,2111,True
884,user_883,57,Female,150.9,62.8,27.6,1686,True
885,user_884,44,Male,196.8,99.3,25.6,2468,True
886,user_885,65,Female,166.3,108.8,39.3,2489,True
887,user_886,59,Female,175.0,54.1,17.7,2203,True
888,user_887,45,Male,160.0,77.4,30.2,2555,True
889,user_888,28,Female,199.7,97.5,24.4,3064,True
890,user_889,70,Male,155.2,85.8,35.6,2766,True
891,user_890,25,Female,162.9,97.3,36.7,2109,True
892,user_891,41,Male,186.6,102.2,29.4,2259,True
893,user_892,45,Male,178.2,117.4,37.0,3336,True
894,user_893,33,Female,176.4,113.2,36.4,3168,True
895,user_894,39,Male,195.1,89.5,23.5,3063,True
896,user_895,65,Male,153.4,64.6,27.5,1517,True
897,user_896,64,Female,189.3,51.4,14.3,2278,True
898,user_897,65,Male,181.7,67.9,20.6,2458,True
899,user_898,25,Male,195.9,62.0,16.2,3027,True
900,user_899,47,Male,167.5,65.1,23.2,2667,True
901,user_900,70,Female,158.4,75.1,29.9,2275,True
902,user_901,61,Male,178.6,106.2,33.3,2580,True
903,user_902,36,Female,165.4,46.3,16.9,1734,True
904,user_903,27,Female,161.5,87.5,33.5,2212,True
905,user_904,50,Female,161.1,67.2,25.9,1707,True
906,user_905,47,Female,165.4,115.0,42.0,2869,True
907,user_906,40,Female,166.7,52.6,18.9,2252,True
908,user_907,67,Male,194.5,56.7,15.0,2352,True
909,user_908,37,Male,191.3,115.5,31.6,3027,True
910,user_909,55,Male,181.5,91.8,27.9,3167,True
911,user_910,18,Male,179.5,58.5,18.2,1979,True
912,user_911,23,Male,175.3,94.4,30.7,3228,True
913,user_912,42,Male,152.4,70.4,30.3,1805,True
914,user_913,18,Male,183.4,85.1,25.3,2398,True
915,user_914,28,Male,189.6,77.9,21.7,2243,True
916,user_915,66,Male,171.6,62.5,21.2,1535,True
917,user_916,28,Female,180.6,90.3,27.7,2586,True
918,user_917,63,Male,167.1,94.1,33.7,2794,True
919,user_918,69,Female,152.3,54.5,23.5,2151,True
920,user_919,59,Male,180.7,56.1,17.2,2255,True
921,user_920,62,Male,180.6,110.9,34.0,2473,True
922,user_921,27,Male,178.6,78.2,24.5,3152,True
923,user_922,58,Male,167.9,67.5,23.9,1837,True
924,user_923,38,Male,184.1,85.5,25.2,3250,True
925,user_924,38,Female,164.1,107.7,40.0,3240,True
926,user_925,24,Female,178.4,100.7,31.6,3551,True
927,user_926,61,Female,153.3,93.2,39.7,3038,True
928,user_927,18,Female,157.4,56.4,22.8,2570,True
929,user_928,21,Female,171.3,79.3,27.0,2332,True
930,user_929,53,Male,192.9,80.9,21.7,2694,True
931,user_930,64,Male,158.0,96.4,38.6,2813,True
932,user_931,52,Male,180.3,82.2,25.3,2060,True
933,user_932,30,Female,159.0,66.6,26.3,2079,True
934,user_933,27,Male,156.0,50.6,20.8,2220,True
935,user_934,29,Male,179.4,108.8,33.8,2775,True
936,user_935,26,Male,162.3,59.3,22.5,2086,True
937,user_936,70,Female,153.7,57.2,24.2,1411,True
938,user_937,65,Male,181.2,91.9,28.0,2643,True
939,user_938,61,Female,163.3,50.3,18.9,1540,True
940,user_939,53,Male,176.0,51.1,16.5,1641,True
941,user_940,35,Male,173.3,56.2,18.7,1953,True
942,user_941,48,Female,153.7,64.0,27.1,2177,True
943,user_942,59,Male,167.5,114.3,40.7,2375,True
944,user_943,30,Male,151.8,103.4,44.9,3200,True
945,user_944,52,Female,197.5,51.8,13.3,2239,True
946,user_945,70,Female,191.2,77.4,21.2,1814,True
947,user_946,27,Female,155.5,106.5,44.0,3549,True
948,user_947,45,Female,151.5,97.1,42.3,2156,True
949,user_948,25,Male,192.8,67.8,18.2,3079,True
950,user_949,45,Male,189.9,63.2,17.5,2079,True
951,user_950,24,Female,193.4,58.2,15.6,2195,True
952,user_951,48,Female,195.8,48.5,12.7,2143,True
953,user_952,40,Male,159.7,52.8,20.7,1593,True
954,user_953,45,Female,187.0,95.2,27.2,2907,True
955,user_954,30,Male,165.9,114.7,41.7,2609,True
956,user_955,66,Female,153.5,57.6,24.4,2157,True
957,user_956,63,Male,195.6,117.4,30.7,3392,True
958,user_957,70,Female,183.6,83.1,24.7,1970,True
959,user_958,18,Male,158.3,116.2,46.4,3114,True
960,user_959,22,Female,185.3,118.5,34.5,3703,True
961,user_960,31,Male,176.4,92.8,29.8,3100,True
962,user_961,62,Female,162.0,47.0,17.9,2158,True
963,user_962,26,Female,183.4,111.4,33.1,3374,True
964,user_963,30,Male,164.7,89.1,32.8,2583,True
965,user_964,69,Female,171.6,51.3,17.4,1671,True
966,user_965,70,Male,193.4,87.1,23.3,1974,True
967,user_966,34,Female,174.3,58.6,19.3,1779,True
968,user_967,58,Male,181.8,115.7,35.0,2839,True
969,user_968,23,Female,173.9,66.6,22.0,2513,True
970,user_969,36,Female,181.5,64.0,19.4,2440,True
971,user_970,60,Female,198.3,86.0,21.9,2325,True
972,user_971,41,Male,181.3,53.6,16.3,2458,True
973,user_972,43,Female,158.1,118.9,47.6,3615,True
974,user_973,57,Female,196.3,60.7,15.8,2411,True
975,user_974,36,Male,170.0,112.5,38.9,3167,True
976,user_975,42,Male,196.5,88.8,23.0,3272,True
977,user_976,69,Male,159.8,106.3,41.6,2643,True
978,user_977,49,Male,176.5,84.0,27.0,2793,True
979,user_978,69,Male,194.4,47.4,12.5,1875,True
980,user_979,44,Male,170.6,67.2,23.1,2727,True
981,user_980,25,Male,150.7,58.5,25.8,1757,True
982,user_981,24,Male,150.6,94.9,41.8,2995,True
983,user_982,66,Female,173.5,58.3,19.4,1767,True
984,user_983,35,Female,154.8,56.4,23.5,1815,True
985,user_984,68,Female,187.3,70.9,20.2,1769,True
986,user_985,46,Male,174.4,117.6,38.7,2771,True
987,user_986,49,Male,170.2,93.5,32.3,2026,True
988,user_987,67,Male,163.9,53.9,20.1,2250,True
989,user_988,44,Female,173.6,50.7,16.8,1748,True
990,user_989,52,Female,194.9,91.2,24.0,2201,True
991,user_990,52,Male,159.2,48.8,19.3,2211,True
992,user_991,53,Female,166.2,66.9,24.2,1787,True
993,user_992,44,Male,160.8,86.2,33.3,1990,True
994,user_993,55,Female,166.4,106.3,38.4,2809,True
995,user_994,23,Male,151.8,113.5,49.3,3118,True
996,user_995,25,Female,196.5,53.9,14.0,2187,True
997,user_996,26,Male,191.7,102.3,27.8,2730,True
998,user_997,63,Female,164.7,96.3,35.5,3144,True
999,user_998,26,Male,153.9,78.5,33.1,2038,True
1000,user_999,61,Male,190.8,45.3,12.4,1614,True
